{"mean":{"confidence_interval":{"confidence_level":0.95,"lower_bound":69301.90191435235,"upper_bound":69803.50889309442},"point_estimate":69539.0119844996,"standard_error":127.51371888368008},"median":{"confidence_interval":{"confidence_level":0.95,"lower_bound":69104.01111111112,"upper_bound":69676.83181818182},"point_estimate":69361.43480204343,"standard_error":139.05825030438626},"median_abs_dev":{"confidence_interval":{"confidence_level":0.95,"lower_bound":762.1977738891626,"upper_bound":1248.9048212979856},"point_estimate":983.007257172365,"standard_error":128.97313347421442},"slope":{"confidence_interval":{"confidence_level":0.95,"lower_bound":69183.46337998482,"upper_bound":69726.13904260357},"point_estimate":69428.67739204965,"standard_error":138.68566123683595},"std_dev":{"confidence_interval":{"confidence_level":0.95,"lower_bound":931.2042912918694,"upper_bound":1683.17922358455},"point_estimate":1281.3923891463612,"standard_error":203.9787970550693}}